TimeStamp,User ID,Date Of Birth,city,country,Loyalty Card,Payment Card,PRM Type,Preferred means of transportation,Preferred carrier,Class,Seat,Refund Type,Travel Offer ID,Legs Number,Profile,Starting point,Destination,Via,Departure time,Arrival time,Services,Transfers,Transfer duration,Walking distance to stop,Walking speed,Cycling distance to stop,Cycling speed,Driving speed,Quick,Reliable,Cheap,Comfortable,Door-to-door,Environmentally friendly,Short,Multitasking,Social,Panoramic,Healthy,LegMode,LegCarrier,LegSeat,LegLength,Score
2021-05-02 03:32:39.597860,OLDUSER1,1965-08-08,Oxford,UK,['Grand Voyageur'],"['Paypal', 'Google Wallet', 'Mastercard', 'Visa', 'Apple Wallet']","['Pregnant woman', 'Persons with impairments in their members / users of temporary wheelchair']","['Metro', 'Airline', 'Bus', 'Cable Way', 'Park', 'Taxi', 'Coach', 'Toll', 'Urban', 'Ship', 'Car Sharing', 'Intercity', 'Tram']","[0.5, 0.0, 4.5, 0.0, 2.5, 5.0, 4.5, 0.0, 5.0, 1.5]",First Class,Aisle,Automatic refund,202105120144324,10,Business,Dublin,Milan,"['Crok', 'Kraków', 'Milan', 'London', 'Rome', 'Bruxelle', 'Madrid', 'Lisbon', 'Frankfurt']",2022-10-20 21:49,2022-11-02 08:53,"['Local type', 'Water transport', 'Telecabin']",Max 1,At least 25 min,500m,Slow,10000m,Fast,Fast,0.8320000000000001,0.8486,0.9812,0.3064,0.0475,0.3733,0.1576,0.1308,0.9994,0.8274,0.4562,"['Urban', 'Trolely Bus', 'Trolely Bus', 'Coach', 'Tram', 'Intercity', 'Bus', 'Bike Sharing', 'Airline', 'Trolely Bus']","['TMB', 'TMB', 'AirFrance', 'AirFrance', 'FlixBus', 'KLM', 'Iberia', 'TMB', 'Renfe', 'Trenitalia']","['Large', 'Aisle', 'Aisle', 'Window', 'Large', 'Large', 'Aisle', 'Window', 'Aisle', 'Window']","[36, 85, 62, 97, 90, 49, 79, 11, 78, 90]",0.5301204819277109
2021-05-02 03:32:39.597860,OLDUSER1,1965-08-08,Oxford,UK,['Grand Voyageur'],"['Paypal', 'Google Wallet', 'Mastercard', 'Visa', 'Apple Wallet']","['Pregnant woman', 'Persons with impairments in their members / users of temporary wheelchair']","['Metro', 'Airline', 'Bus', 'Cable Way', 'Park', 'Taxi', 'Coach', 'Toll', 'Urban', 'Ship', 'Car Sharing', 'Intercity', 'Tram']","[0.5, 0.0, 4.5, 0.0, 2.5, 5.0, 4.5, 0.0, 5.0, 1.5]",First Class,Aisle,Automatic refund,2021051201443214,8,Business,Dublin,Milan,"['Berlin', 'Dublin', 'Rome', 'Bruxelle', 'Nice', 'Brugge', 'Kraków']",2022-10-20 21:49,2022-11-02 08:53,"['Local type', 'Water transport', 'Telecabin']",Unlimited,At least 35 min,3000m,Slow,15500m,Fast,Fast,0.8653,0.5485,0.7042,0.0294,0.2207,0.5916,0.6576,0.2733,0.7346,0.4062,0.7905,"['Trolely Bus', 'Toll', 'Taxi', 'Train', 'Car Sharing', 'Trolely Bus', 'Car Sharing', 'Airline']","['FlixBus', 'AirFrance', 'TMB', 'Renfe', 'TMB', 'FlixBus', 'FlixBus', 'SNFC']","['Window', 'Window', 'Large', 'Aisle', 'Large', 'Window', 'Window', 'Aisle']","[62, 44, 84, 13, 99, 52, 38, 29]",0.4939759036144578
2021-05-02 03:32:39.597860,OLDUSER1,1965-08-08,Oxford,UK,['Grand Voyageur'],"['Paypal', 'Google Wallet', 'Mastercard', 'Visa', 'Apple Wallet']","['Pregnant woman', 'Persons with impairments in their members / users of temporary wheelchair']","['Metro', 'Airline', 'Bus', 'Cable Way', 'Park', 'Taxi', 'Coach', 'Toll', 'Urban', 'Ship', 'Car Sharing', 'Intercity', 'Tram']","[0.5, 0.0, 4.5, 0.0, 2.5, 5.0, 4.5, 0.0, 5.0, 1.5]",First Class,Aisle,Automatic refund,2021051201443220,10,Business,Dublin,Milan,"['Crok', 'Madrid', 'Nice', 'Rome', 'Praha', 'Oxford', 'Frankfurt', 'Barcelona', 'Kraków']",2022-10-20 21:49,2022-11-02 08:53,"['Local type', 'Water transport', 'Telecabin']",Unlimited,At least 45 min,2000m,Slow,8500m,Fast,Fast,0.5535,0.1898,0.2382,0.1781,0.4262,0.6649,0.2255,0.6574,0.24,0.1613,0.9884,"['Train', 'Metro', 'Metro', 'Airline', 'Car Sharing', 'Cable Way', 'Metro', 'Trolely Bus', 'Car Sharing', 'Cable Way']","['Trenitalia', 'AirFrance', 'FlixBus', 'FlixBus', 'TMB', 'RegioJet', 'Trenitalia', 'Renfe', 'RegioJet', 'Trenitalia']","['Aisle', 'Large', 'Large', 'Window', 'Window', 'Aisle', 'Aisle', 'Large', 'Aisle', 'Aisle']","[72, 77, 94, 53, 74, 31, 48, 20, 90, 78]",0.4939759036144578
2021-05-02 03:32:39.597860,OLDUSER1,1965-08-08,Oxford,UK,['Grand Voyageur'],"['Paypal', 'Google Wallet', 'Mastercard', 'Visa', 'Apple Wallet']","['Pregnant woman', 'Persons with impairments in their members / users of temporary wheelchair']","['Metro', 'Airline', 'Bus', 'Cable Way', 'Park', 'Taxi', 'Coach', 'Toll', 'Urban', 'Ship', 'Car Sharing', 'Intercity', 'Tram']","[0.5, 0.0, 4.5, 0.0, 2.5, 5.0, 4.5, 0.0, 5.0, 1.5]",First Class,Aisle,Automatic refund,2021051201443235,9,Business,Dublin,Milan,"['Nice', 'Warsaw', 'Rome', 'Frankfurt', 'Brugge', 'London', 'Porto', 'Paris']",2022-10-20 21:49,2022-11-02 08:53,"['Local type', 'Water transport', 'Telecabin']",Max 2,At least 30 min,500m,Slow,13000m,Fast,Fast,0.6554,0.2251,0.14,0.6061,0.4567,0.5549,0.0709,0.3073,0.2983,0.7168,0.5528,"['Bus', 'Train', 'Coach', 'Coach', 'Funicular', 'Intercity', 'Car Sharing', 'Car Sharing', 'Intercity']","['Trenitalia', 'FlixBus', 'RegioJet', 'Renfe', 'Iberia', 'VBB', 'FlixBus', 'Renfe', 'RegioJet']","['Aisle', 'Large', 'Window', 'Window', 'Large', 'Aisle', 'Window', 'Window', 'Large']","[54, 47, 80, 13, 76, 31, 85, 59, 21]",0.46987951807228917
2021-05-02 03:32:39.597860,OLDUSER1,1965-08-08,Oxford,UK,['Grand Voyageur'],"['Paypal', 'Google Wallet', 'Mastercard', 'Visa', 'Apple Wallet']","['Pregnant woman', 'Persons with impairments in their members / users of temporary wheelchair']","['Metro', 'Airline', 'Bus', 'Cable Way', 'Park', 'Taxi', 'Coach', 'Toll', 'Urban', 'Ship', 'Car Sharing', 'Intercity', 'Tram']","[0.5, 0.0, 4.5, 0.0, 2.5, 5.0, 4.5, 0.0, 5.0, 1.5]",First Class,Aisle,Automatic refund,2021051201443234,9,Business,Dublin,Milan,"['Oxford', 'Dublin', 'Nice', 'Crok', 'Lisbon', 'London', 'Porto', 'Kraków']",2022-10-20 21:49,2022-11-02 08:53,"['Local type', 'Water transport', 'Telecabin']",None,At least 20 min,2500m,Slow,13000m,Fast,Fast,0.8999,0.3795,0.9894,0.2829,0.0521,0.0619,0.3546,0.9066,0.0649,0.3382,0.1315,"['Bus', 'Tram', 'Other', 'Ship', 'Intercity', 'Urban', 'Funicular', 'Taxi', 'Tram']","['AirFrance', 'Iberia', 'VBB', 'VBB', 'KLM', 'Renfe', 'VBB', 'RegioJet', 'Trenitalia']","['Aisle', 'Window', 'Large', 'Aisle', 'Large', 'Aisle', 'Large', 'Aisle', 'Window']","[22, 93, 26, 58, 57, 67, 13, 90, 82]",0.46987951807228917
2021-05-02 03:32:39.597860,OLDUSER1,1965-08-08,Oxford,UK,['Grand Voyageur'],"['Paypal', 'Google Wallet', 'Mastercard', 'Visa', 'Apple Wallet']","['Pregnant woman', 'Persons with impairments in their members / users of temporary wheelchair']","['Metro', 'Airline', 'Bus', 'Cable Way', 'Park', 'Taxi', 'Coach', 'Toll', 'Urban', 'Ship', 'Car Sharing', 'Intercity', 'Tram']","[0.5, 0.0, 4.5, 0.0, 2.5, 5.0, 4.5, 0.0, 5.0, 1.5]",First Class,Aisle,Automatic refund,202105120144326,10,Business,Dublin,Milan,"['Berlin', 'Crok', 'Porto', 'Milan', 'Frankfurt', 'Madrid', 'Barcelona', 'Nice', 'Bruxelle']",2022-10-20 21:49,2022-11-02 08:53,"['Local type', 'Water transport', 'Telecabin']",Unlimited,normal,3500m,Slow,19000m,Fast,Fast,0.8209,0.7628,0.8496,0.2035,0.9777,0.3782,0.479,0.2835,0.5341,0.4377,0.7943,"['Airline', 'Train', 'Taxi', 'Cable Way', 'Intercity', 'Ship', 'Cable Way', 'Other', 'Funicular', 'Airline']","['Iberia', 'FlixBus', 'AirFrance', 'SNFC', 'KLM', 'FlixBus', 'RegioJet', 'VBB', 'FlixBus', 'RegioJet']","['Aisle', 'Large', 'Aisle', 'Aisle', 'Large', 'Large', 'Aisle', 'Window', 'Aisle', 'Aisle']","[60, 69, 67, 65, 45, 28, 31, 37, 26, 93]",0.46987951807228917
2021-05-02 03:32:39.597860,OLDUSER1,1965-08-08,Oxford,UK,['Grand Voyageur'],"['Paypal', 'Google Wallet', 'Mastercard', 'Visa', 'Apple Wallet']","['Pregnant woman', 'Persons with impairments in their members / users of temporary wheelchair']","['Metro', 'Airline', 'Bus', 'Cable Way', 'Park', 'Taxi', 'Coach', 'Toll', 'Urban', 'Ship', 'Car Sharing', 'Intercity', 'Tram']","[0.5, 0.0, 4.5, 0.0, 2.5, 5.0, 4.5, 0.0, 5.0, 1.5]",First Class,Aisle,Automatic refund,2021051201443211,10,Business,Dublin,Milan,"['Rome', 'Crok', 'Madrid', 'Nice', 'Milan', 'London', 'Porto', 'Brugge', 'Praha']",2022-10-20 21:49,2022-11-02 08:53,"['Local type', 'Water transport', 'Telecabin']",Max 1,At least 25 min,2000m,Slow,3500m,Fast,Fast,0.3623,0.1907,0.6981,0.073,0.4326,0.0094,0.6679999999999999,0.6818,0.1048,0.5244,0.3406,"['Toll', 'Urban', 'Train', 'Funicular', 'Trolely Bus', 'Taxi', 'Bus', 'Funicular', 'Bike Sharing', 'Intercity']","['AirFrance', 'SNFC', 'FlixBus', 'KLM', 'RegioJet', 'VBB', 'SNFC', 'AirFrance', 'VBB', 'RegioJet']","['Aisle', 'Large', 'Aisle', 'Window', 'Large', 'Large', 'Window', 'Window', 'Large', 'Window']","[74, 32, 73, 50, 52, 98, 26, 17, 45, 71]",0.46987951807228917
2021-05-02 03:32:39.597860,OLDUSER1,1965-08-08,Oxford,UK,['Grand Voyageur'],"['Paypal', 'Google Wallet', 'Mastercard', 'Visa', 'Apple Wallet']","['Pregnant woman', 'Persons with impairments in their members / users of temporary wheelchair']","['Metro', 'Airline', 'Bus', 'Cable Way', 'Park', 'Taxi', 'Coach', 'Toll', 'Urban', 'Ship', 'Car Sharing', 'Intercity', 'Tram']","[0.5, 0.0, 4.5, 0.0, 2.5, 5.0, 4.5, 0.0, 5.0, 1.5]",First Class,Aisle,Automatic refund,2021051201443225,10,Business,Dublin,Milan,"['Madrid', 'Bruxelle', 'Warsaw', 'Lisbon', 'Krumlov', 'Berlin', 'Frankfurt', 'Milan', 'Brugge']",2022-10-20 21:49,2022-11-02 08:53,"['Local type', 'Water transport', 'Telecabin']",Max 1,At least 30 min,2000m,Slow,14000m,Fast,Fast,0.9542,0.0306,0.9724,0.8549,0.8848,0.3072,0.3818,0.7189,0.8135,0.9617,0.9644,"['Coach', 'Train', 'Coach', 'Bus', 'Park', 'Funicular', 'Park', 'Taxi', 'Taxi', 'Coach']","['Renfe', 'TMB', 'VBB', 'FlixBus', 'AirFrance', 'Renfe', 'Iberia', 'VBB', 'AirFrance', 'Renfe']","['Window', 'Window', 'Large', 'Aisle', 'Large', 'Large', 'Large', 'Aisle', 'Window', 'Large']","[60, 30, 99, 100, 19, 77, 90, 61, 12, 50]",0.4578313253012048
2021-05-02 03:32:39.597860,OLDUSER1,1965-08-08,Oxford,UK,['Grand Voyageur'],"['Paypal', 'Google Wallet', 'Mastercard', 'Visa', 'Apple Wallet']","['Pregnant woman', 'Persons with impairments in their members / users of temporary wheelchair']","['Metro', 'Airline', 'Bus', 'Cable Way', 'Park', 'Taxi', 'Coach', 'Toll', 'Urban', 'Ship', 'Car Sharing', 'Intercity', 'Tram']","[0.5, 0.0, 4.5, 0.0, 2.5, 5.0, 4.5, 0.0, 5.0, 1.5]",First Class,Aisle,Automatic refund,202105120144327,7,Business,Dublin,Milan,"['Brugge', 'Kraków', 'Nice', 'Milan', 'Dublin', 'Berlin']",2022-10-20 21:49,2022-11-02 08:53,"['Local type', 'Water transport', 'Telecabin']",Max 2,At least 45 min,1500m,Slow,8000m,Fast,Fast,0.6477,0.3515,0.369,0.4149,0.4076,0.3516,0.9196,0.1442,0.6,0.5949,0.993,"['Bike Sharing', 'Tram', 'Metro', 'Other', 'Airline', 'Tram', 'Airline']","['Trenitalia', 'SNFC', 'RegioJet', 'VBB', 'Renfe', 'Iberia', 'SNFC']","['Window', 'Aisle', 'Window', 'Large', 'Aisle', 'Aisle', 'Window']","[14, 16, 95, 10, 53, 37, 53]",0.4578313253012048
2021-05-02 03:32:39.597860,OLDUSER1,1965-08-08,Oxford,UK,['Grand Voyageur'],"['Paypal', 'Google Wallet', 'Mastercard', 'Visa', 'Apple Wallet']","['Pregnant woman', 'Persons with impairments in their members / users of temporary wheelchair']","['Metro', 'Airline', 'Bus', 'Cable Way', 'Park', 'Taxi', 'Coach', 'Toll', 'Urban', 'Ship', 'Car Sharing', 'Intercity', 'Tram']","[0.5, 0.0, 4.5, 0.0, 2.5, 5.0, 4.5, 0.0, 5.0, 1.5]",First Class,Aisle,Automatic refund,2021051201443233,8,Business,Dublin,Milan,"['Berlin', 'Dublin', 'Porto', 'Lisbon', 'Bruxelle', 'Paris', 'Nice']",2022-10-20 21:49,2022-11-02 08:53,"['Local type', 'Water transport', 'Telecabin']",Max 3,At least 15 min,4500m,Slow,11500m,Fast,Fast,0.9901,0.0774,0.6002,0.6679,0.3067,0.2647,0.7105,0.8801,0.7781,0.0318,0.7187,"['Tram', 'Train', 'Train', 'Trolely Bus', 'Urban', 'Metro', 'Coach', 'Coach']","['SNFC', 'Renfe', 'Trenitalia', 'RegioJet', 'VBB', 'KLM', 'SNFC', 'RegioJet']","['Aisle', 'Window', 'Large', 'Large', 'Window', 'Large', 'Large', 'Large']","[99, 25, 47, 84, 39, 33, 76, 46]",0.43373493975903615
2021-05-02 03:32:39.597860,OLDUSER1,1965-08-08,Oxford,UK,['Grand Voyageur'],"['Paypal', 'Google Wallet', 'Mastercard', 'Visa', 'Apple Wallet']","['Pregnant woman', 'Persons with impairments in their members / users of temporary wheelchair']","['Metro', 'Airline', 'Bus', 'Cable Way', 'Park', 'Taxi', 'Coach', 'Toll', 'Urban', 'Ship', 'Car Sharing', 'Intercity', 'Tram']","[0.5, 0.0, 4.5, 0.0, 2.5, 5.0, 4.5, 0.0, 5.0, 1.5]",First Class,Aisle,Automatic refund,2021051201443221,9,Business,Dublin,Milan,"['Kraków', 'Oxford', 'Warsaw', 'Krumlov', 'Rome', 'Frankfurt', 'Dublin', 'Nice']",2022-10-20 21:49,2022-11-02 08:53,"['Local type', 'Water transport', 'Telecabin']",Unlimited,At least 20 min,1000m,Slow,10500m,Fast,Fast,0.8943,0.9309,0.7274,0.1171,0.8515,0.9676,0.818,0.1526,0.005,0.0468,0.7595,"['Ship', 'Metro', 'Car Sharing', 'Cable Way', 'Ship', 'Taxi', 'Urban', 'Ship', 'Car Sharing']","['SNFC', 'FlixBus', 'RegioJet', 'TMB', 'Trenitalia', 'Renfe', 'VBB', 'Iberia', 'AirFrance']","['Aisle', 'Window', 'Window', 'Aisle', 'Large', 'Aisle', 'Aisle', 'Window', 'Window']","[97, 51, 30, 70, 84, 51, 44, 30, 16]",0.43373493975903615
2021-05-02 03:32:39.597860,OLDUSER1,1965-08-08,Oxford,UK,['Grand Voyageur'],"['Paypal', 'Google Wallet', 'Mastercard', 'Visa', 'Apple Wallet']","['Pregnant woman', 'Persons with impairments in their members / users of temporary wheelchair']","['Metro', 'Airline', 'Bus', 'Cable Way', 'Park', 'Taxi', 'Coach', 'Toll', 'Urban', 'Ship', 'Car Sharing', 'Intercity', 'Tram']","[0.5, 0.0, 4.5, 0.0, 2.5, 5.0, 4.5, 0.0, 5.0, 1.5]",First Class,Aisle,Automatic refund,2021051201443217,6,Business,Dublin,Milan,"['Kraków', 'London', 'Dublin', 'Oxford', 'Frankfurt']",2022-10-20 21:49,2022-11-02 08:53,"['Local type', 'Water transport', 'Telecabin']",Max 3,At least 35 min,3000m,Slow,8500m,Fast,Fast,0.4515,0.8701,0.5817,0.5584,0.0073,0.2645,0.8651,0.8726,0.4246,0.2103,0.2032,"['Train', 'Intercity', 'Bus', 'Urban', 'Other', 'Tram']","['Renfe', 'TMB', 'VBB', 'AirFrance', 'RegioJet', 'RegioJet']","['Aisle', 'Aisle', 'Window', 'Aisle', 'Large', 'Aisle']","[65, 48, 74, 79, 16, 79]",0.43373493975903615
2021-05-02 03:32:39.597860,OLDUSER1,1965-08-08,Oxford,UK,['Grand Voyageur'],"['Paypal', 'Google Wallet', 'Mastercard', 'Visa', 'Apple Wallet']","['Pregnant woman', 'Persons with impairments in their members / users of temporary wheelchair']","['Metro', 'Airline', 'Bus', 'Cable Way', 'Park', 'Taxi', 'Coach', 'Toll', 'Urban', 'Ship', 'Car Sharing', 'Intercity', 'Tram']","[0.5, 0.0, 4.5, 0.0, 2.5, 5.0, 4.5, 0.0, 5.0, 1.5]",First Class,Aisle,Automatic refund,2021051201443212,5,Business,Dublin,Milan,"['Milan', 'Brugge', 'London', 'Nice']",2022-10-20 21:49,2022-11-02 08:53,"['Local type', 'Water transport', 'Telecabin']",Max 4,At least 25 min,3000m,Slow,7000m,Fast,Fast,0.1005,0.7308,0.7407,0.6179,0.8904,0.5984,0.868,0.9777,0.6005,0.419,0.2992,"['Intercity', 'Cable Way', 'Other', 'Taxi', 'Bus']","['Iberia', 'AirFrance', 'KLM', 'TMB', 'Iberia']","['Large', 'Large', 'Window', 'Window', 'Window']","[78, 26, 78, 89, 20]",0.43373493975903615
2021-05-02 03:32:39.597860,OLDUSER1,1965-08-08,Oxford,UK,['Grand Voyageur'],"['Paypal', 'Google Wallet', 'Mastercard', 'Visa', 'Apple Wallet']","['Pregnant woman', 'Persons with impairments in their members / users of temporary wheelchair']","['Metro', 'Airline', 'Bus', 'Cable Way', 'Park', 'Taxi', 'Coach', 'Toll', 'Urban', 'Ship', 'Car Sharing', 'Intercity', 'Tram']","[0.5, 0.0, 4.5, 0.0, 2.5, 5.0, 4.5, 0.0, 5.0, 1.5]",First Class,Aisle,Automatic refund,2021051201443215,10,Business,Dublin,Milan,"['Frankfurt', 'Oxford', 'Rome', 'Barcelona', 'Berlin', 'Kraków', 'Lisbon', 'Nice', 'Milan']",2022-10-20 21:49,2022-11-02 08:53,"['Local type', 'Water transport', 'Telecabin']",Max 3,At least 45 min,1000m,Slow,10000m,Fast,Fast,0.2953,0.0139,0.9077,0.8358,0.4835,0.6514,0.9245,0.5301,0.3235,0.7612,0.2931,"['Metro', 'Intercity', 'Cable Way', 'Cable Way', 'Metro', 'Metro', 'Car Sharing', 'Coach', 'Trolely Bus', 'Taxi']","['SNFC', 'SNFC', 'Trenitalia', 'RegioJet', 'VBB', 'Trenitalia', 'Iberia', 'Iberia', 'VBB', 'RegioJet']","['Large', 'Large', 'Aisle', 'Aisle', 'Large', 'Window', 'Window', 'Large', 'Aisle', 'Large']","[57, 19, 59, 76, 22, 53, 84, 88, 39, 89]",0.43373493975903615
2021-05-02 03:32:39.597860,OLDUSER1,1965-08-08,Oxford,UK,['Grand Voyageur'],"['Paypal', 'Google Wallet', 'Mastercard', 'Visa', 'Apple Wallet']","['Pregnant woman', 'Persons with impairments in their members / users of temporary wheelchair']","['Metro', 'Airline', 'Bus', 'Cable Way', 'Park', 'Taxi', 'Coach', 'Toll', 'Urban', 'Ship', 'Car Sharing', 'Intercity', 'Tram']","[0.5, 0.0, 4.5, 0.0, 2.5, 5.0, 4.5, 0.0, 5.0, 1.5]",First Class,Aisle,Automatic refund,2021051201443218,8,Business,Dublin,Milan,"['Dublin', 'Madrid', 'Bruxelle', 'Praha', 'Paris', 'Berlin', 'Porto']",2022-10-20 21:49,2022-11-02 08:53,"['Local type', 'Water transport', 'Telecabin']",Max 1,At least 25 min,1000m,Slow,17500m,Fast,Fast,0.7681,0.2485,0.1608,0.0692,0.8491,0.0898,0.7159,0.6153,0.6836,0.4737,0.0783,"['Bus', 'Trolely Bus', 'Train', 'Bus', 'Coach', 'Tram', 'Bus', 'Park']","['TMB', 'RegioJet', 'Renfe', 'Trenitalia', 'RegioJet', 'TMB', 'RegioJet', 'FlixBus']","['Window', 'Aisle', 'Large', 'Large', 'Aisle', 'Large', 'Window', 'Large']","[67, 64, 34, 36, 80, 47, 93, 77]",0.42168674698795183
2021-05-02 03:32:39.597860,OLDUSER1,1965-08-08,Oxford,UK,['Grand Voyageur'],"['Paypal', 'Google Wallet', 'Mastercard', 'Visa', 'Apple Wallet']","['Pregnant woman', 'Persons with impairments in their members / users of temporary wheelchair']","['Metro', 'Airline', 'Bus', 'Cable Way', 'Park', 'Taxi', 'Coach', 'Toll', 'Urban', 'Ship', 'Car Sharing', 'Intercity', 'Tram']","[0.5, 0.0, 4.5, 0.0, 2.5, 5.0, 4.5, 0.0, 5.0, 1.5]",First Class,Aisle,Automatic refund,202105120144322,4,Business,Dublin,Milan,"['Praha', 'Crok', 'Warsaw']",2022-10-20 21:49,2022-11-02 08:53,"['Local type', 'Water transport', 'Telecabin']",Max 2,normal,4500m,Slow,10000m,Fast,Fast,0.5966,0.8112,0.6847,0.1111,0.2564,0.2136,0.0452,0.7769,0.753,0.2341,0.3925,"['Bike Sharing', 'Bus', 'Funicular', 'Ship']","['SNFC', 'Trenitalia', 'KLM', 'AirFrance']","['Aisle', 'Aisle', 'Window', 'Aisle']","[24, 61, 60, 46]",0.42168674698795183
2021-05-02 03:32:39.597860,OLDUSER1,1965-08-08,Oxford,UK,['Grand Voyageur'],"['Paypal', 'Google Wallet', 'Mastercard', 'Visa', 'Apple Wallet']","['Pregnant woman', 'Persons with impairments in their members / users of temporary wheelchair']","['Metro', 'Airline', 'Bus', 'Cable Way', 'Park', 'Taxi', 'Coach', 'Toll', 'Urban', 'Ship', 'Car Sharing', 'Intercity', 'Tram']","[0.5, 0.0, 4.5, 0.0, 2.5, 5.0, 4.5, 0.0, 5.0, 1.5]",First Class,Aisle,Automatic refund,202105120144320,4,Business,Dublin,Milan,"['Rome', 'Praha', 'Nice']",2022-10-20 21:49,2022-11-02 08:53,"['Local type', 'Water transport', 'Telecabin']",None,At least 25 min,2000m,Slow,13500m,Fast,Fast,0.5335,0.6295,0.884,0.1621,0.7759,0.2178,0.6541,0.9377,0.6077,0.4,0.9787,"['Coach', 'Train', 'Toll', 'Bus']","['TMB', 'Renfe', 'SNFC', 'KLM']","['Window', 'Aisle', 'Window', 'Large']","[75, 74, 47, 94]",0.40963855421686746
2021-05-02 03:32:39.597860,OLDUSER1,1965-08-08,Oxford,UK,['Grand Voyageur'],"['Paypal', 'Google Wallet', 'Mastercard', 'Visa', 'Apple Wallet']","['Pregnant woman', 'Persons with impairments in their members / users of temporary wheelchair']","['Metro', 'Airline', 'Bus', 'Cable Way', 'Park', 'Taxi', 'Coach', 'Toll', 'Urban', 'Ship', 'Car Sharing', 'Intercity', 'Tram']","[0.5, 0.0, 4.5, 0.0, 2.5, 5.0, 4.5, 0.0, 5.0, 1.5]",First Class,Aisle,Automatic refund,2021051201443210,5,Business,Dublin,Milan,"['Krumlov', 'Nice', 'Rome', 'Lisbon']",2022-10-20 21:49,2022-11-02 08:53,"['Local type', 'Water transport', 'Telecabin']",Max 4,At least 35 min,2000m,Slow,11500m,Fast,Fast,0.9864,0.2924,0.6018,0.4639,0.9735,0.6486,0.3504,0.7722,0.684,0.4427,0.5714,"['Intercity', 'Bus', 'Bus', 'Toll', 'Bike Sharing']","['SNFC', 'TMB', 'VBB', 'TMB', 'Renfe']","['Aisle', 'Aisle', 'Large', 'Large', 'Large']","[36, 53, 32, 53, 82]",0.40963855421686746
2021-05-02 03:32:39.597860,OLDUSER1,1965-08-08,Oxford,UK,['Grand Voyageur'],"['Paypal', 'Google Wallet', 'Mastercard', 'Visa', 'Apple Wallet']","['Pregnant woman', 'Persons with impairments in their members / users of temporary wheelchair']","['Metro', 'Airline', 'Bus', 'Cable Way', 'Park', 'Taxi', 'Coach', 'Toll', 'Urban', 'Ship', 'Car Sharing', 'Intercity', 'Tram']","[0.5, 0.0, 4.5, 0.0, 2.5, 5.0, 4.5, 0.0, 5.0, 1.5]",First Class,Aisle,Automatic refund,202105120144328,8,Business,Dublin,Milan,"['Rome', 'Dublin', 'Barcelona', 'Praha', 'Frankfurt', 'Oxford', 'Lisbon']",2022-10-20 21:49,2022-11-02 08:53,"['Local type', 'Water transport', 'Telecabin']",Max 3,normal,2500m,Slow,14000m,Fast,Fast,0.3187,0.9458,0.07400000000000001,0.5577,0.1671,0.5625,0.852,0.9509,0.0128,0.0509,0.3915,"['Car Sharing', 'Metro', 'Car Sharing', 'Bike Sharing', 'Airline', 'Park', 'Train', 'Intercity']","['TMB', 'AirFrance', 'Renfe', 'Renfe', 'FlixBus', 'SNFC', 'Trenitalia', 'VBB']","['Aisle', 'Window', 'Aisle', 'Aisle', 'Window', 'Large', 'Aisle', 'Large']","[82, 46, 32, 97, 69, 79, 73, 76]",0.40963855421686746
2021-05-02 03:32:39.597860,OLDUSER1,1965-08-08,Oxford,UK,['Grand Voyageur'],"['Paypal', 'Google Wallet', 'Mastercard', 'Visa', 'Apple Wallet']","['Pregnant woman', 'Persons with impairments in their members / users of temporary wheelchair']","['Metro', 'Airline', 'Bus', 'Cable Way', 'Park', 'Taxi', 'Coach', 'Toll', 'Urban', 'Ship', 'Car Sharing', 'Intercity', 'Tram']","[0.5, 0.0, 4.5, 0.0, 2.5, 5.0, 4.5, 0.0, 5.0, 1.5]",First Class,Aisle,Automatic refund,2021051201443232,7,Business,Dublin,Milan,"['Krumlov', 'Lisbon', 'Dublin', 'Porto', 'Oxford', 'Paris']",2022-10-20 21:49,2022-11-02 08:53,"['Local type', 'Water transport', 'Telecabin']",Max 3,At least 45 min,2000m,Slow,7000m,Fast,Fast,0.0049,0.9736,0.8274,0.8511,0.0584,0.6145,0.5938,0.8039,0.389,0.4343,0.7818,"['Ship', 'Other', 'Other', 'Toll', 'Tram', 'Cable Way', 'Coach']","['VBB', 'AirFrance', 'AirFrance', 'KLM', 'SNFC', 'KLM', 'SNFC']","['Large', 'Large', 'Large', 'Large', 'Aisle', 'Window', 'Large']","[12, 61, 20, 62, 92, 63, 67]",0.39759036144578314
2021-05-02 03:32:39.597860,OLDUSER1,1965-08-08,Oxford,UK,['Grand Voyageur'],"['Paypal', 'Google Wallet', 'Mastercard', 'Visa', 'Apple Wallet']","['Pregnant woman', 'Persons with impairments in their members / users of temporary wheelchair']","['Metro', 'Airline', 'Bus', 'Cable Way', 'Park', 'Taxi', 'Coach', 'Toll', 'Urban', 'Ship', 'Car Sharing', 'Intercity', 'Tram']","[0.5, 0.0, 4.5, 0.0, 2.5, 5.0, 4.5, 0.0, 5.0, 1.5]",First Class,Aisle,Automatic refund,2021051201443228,5,Business,Dublin,Milan,"['Brugge', 'Praha', 'Oxford', 'Warsaw']",2022-10-20 21:49,2022-11-02 08:53,"['Local type', 'Water transport', 'Telecabin']",Max 4,At least 30 min,1000m,Slow,15000m,Fast,Fast,0.3213,0.7687,0.4962,0.8268,0.4181,0.9677,0.3398,0.9946,0.3652,0.12,0.5188,"['Bus', 'Train', 'Train', 'Urban', 'Bike Sharing']","['TMB', 'FlixBus', 'VBB', 'SNFC', 'Iberia']","['Large', 'Aisle', 'Large', 'Large', 'Large']","[18, 76, 24, 83, 86]",0.39759036144578314
2021-05-02 03:32:39.597860,OLDUSER1,1965-08-08,Oxford,UK,['Grand Voyageur'],"['Paypal', 'Google Wallet', 'Mastercard', 'Visa', 'Apple Wallet']","['Pregnant woman', 'Persons with impairments in their members / users of temporary wheelchair']","['Metro', 'Airline', 'Bus', 'Cable Way', 'Park', 'Taxi', 'Coach', 'Toll', 'Urban', 'Ship', 'Car Sharing', 'Intercity', 'Tram']","[0.5, 0.0, 4.5, 0.0, 2.5, 5.0, 4.5, 0.0, 5.0, 1.5]",First Class,Aisle,Automatic refund,2021051201443223,9,Business,Dublin,Milan,"['Warsaw', 'Bruxelle', 'Crok', 'Praha', 'Berlin', 'Krumlov', 'Oxford', 'Lisbon']",2022-10-20 21:49,2022-11-02 08:53,"['Local type', 'Water transport', 'Telecabin']",Max 2,At least 15 min,500m,Slow,4000m,Fast,Fast,0.6815,0.2579,0.706,0.9459,0.9187,0.3878,0.7998,0.1446,0.4583,0.5787,0.515,"['Intercity', 'Park', 'Ship', 'Toll', 'Funicular', 'Metro', 'Car Sharing', 'Park', 'Coach']","['SNFC', 'RegioJet', 'AirFrance', 'FlixBus', 'AirFrance', 'SNFC', 'Iberia', 'Iberia', 'Iberia']","['Large', 'Window', 'Window', 'Aisle', 'Large', 'Large', 'Window', 'Window', 'Window']","[96, 97, 62, 40, 24, 14, 84, 20, 13]",0.3855421686746988
2021-05-02 03:32:39.597860,OLDUSER1,1965-08-08,Oxford,UK,['Grand Voyageur'],"['Paypal', 'Google Wallet', 'Mastercard', 'Visa', 'Apple Wallet']","['Pregnant woman', 'Persons with impairments in their members / users of temporary wheelchair']","['Metro', 'Airline', 'Bus', 'Cable Way', 'Park', 'Taxi', 'Coach', 'Toll', 'Urban', 'Ship', 'Car Sharing', 'Intercity', 'Tram']","[0.5, 0.0, 4.5, 0.0, 2.5, 5.0, 4.5, 0.0, 5.0, 1.5]",First Class,Aisle,Automatic refund,202105120144323,7,Business,Dublin,Milan,"['Milan', 'Oxford', 'Paris', 'Brugge', 'Krumlov', 'Warsaw']",2022-10-20 21:49,2022-11-02 08:53,"['Local type', 'Water transport', 'Telecabin']",Max 2,At least 40 min,3000m,Slow,14500m,Fast,Fast,0.7747,0.5959,0.1152,0.4724,0.4961,0.1868,0.7392,0.4226,0.4571,0.3555,0.2113,"['Ship', 'Coach', 'Coach', 'Metro', 'Toll', 'Urban', 'Coach']","['Renfe', 'FlixBus', 'Iberia', 'SNFC', 'Trenitalia', 'VBB', 'RegioJet']","['Large', 'Window', 'Large', 'Aisle', 'Large', 'Aisle', 'Large']","[23, 58, 37, 39, 95, 79, 85]",0.3855421686746988
2021-05-02 03:32:39.597860,OLDUSER1,1965-08-08,Oxford,UK,['Grand Voyageur'],"['Paypal', 'Google Wallet', 'Mastercard', 'Visa', 'Apple Wallet']","['Pregnant woman', 'Persons with impairments in their members / users of temporary wheelchair']","['Metro', 'Airline', 'Bus', 'Cable Way', 'Park', 'Taxi', 'Coach', 'Toll', 'Urban', 'Ship', 'Car Sharing', 'Intercity', 'Tram']","[0.5, 0.0, 4.5, 0.0, 2.5, 5.0, 4.5, 0.0, 5.0, 1.5]",First Class,Aisle,Automatic refund,2021051201443213,8,Business,Dublin,Milan,"['Warsaw', 'Madrid', 'Rome', 'Porto', 'Krumlov', 'Oxford', 'Dublin']",2022-10-20 21:49,2022-11-02 08:53,"['Local type', 'Water transport', 'Telecabin']",None,At least 45 min,2500m,Slow,19000m,Fast,Fast,0.7739,0.835,0.7941,0.6688,0.9569,0.3372,0.909,0.1837,0.0772,0.8198,0.0853,"['Ship', 'Metro', 'Cable Way', 'Ship', 'Park', 'Ship', 'Tram', 'Ship']","['VBB', 'FlixBus', 'FlixBus', 'KLM', 'SNFC', 'RegioJet', 'VBB', 'VBB']","['Large', 'Large', 'Window', 'Window', 'Window', 'Window', 'Aisle', 'Large']","[67, 33, 51, 48, 88, 30, 80, 82]",0.3855421686746988
2021-05-02 03:32:39.597860,OLDUSER1,1965-08-08,Oxford,UK,['Grand Voyageur'],"['Paypal', 'Google Wallet', 'Mastercard', 'Visa', 'Apple Wallet']","['Pregnant woman', 'Persons with impairments in their members / users of temporary wheelchair']","['Metro', 'Airline', 'Bus', 'Cable Way', 'Park', 'Taxi', 'Coach', 'Toll', 'Urban', 'Ship', 'Car Sharing', 'Intercity', 'Tram']","[0.5, 0.0, 4.5, 0.0, 2.5, 5.0, 4.5, 0.0, 5.0, 1.5]",First Class,Aisle,Automatic refund,202105120144325,4,Business,Dublin,Milan,"['Crok', 'Porto', 'Warsaw']",2022-10-20 21:49,2022-11-02 08:53,"['Local type', 'Water transport', 'Telecabin']",Max 2,At least 25 min,2000m,Slow,9500m,Fast,Fast,0.3267,0.7323,0.1426,0.7067,0.6592,0.8389,0.0392,0.9209,0.308,0.4201,0.7574,"['Coach', 'Funicular', 'Cable Way', 'Metro']","['TMB', 'Iberia', 'Renfe', 'FlixBus']","['Large', 'Window', 'Window', 'Aisle']","[92, 56, 86, 35]",0.3855421686746988
2021-05-02 03:32:39.597860,OLDUSER1,1965-08-08,Oxford,UK,['Grand Voyageur'],"['Paypal', 'Google Wallet', 'Mastercard', 'Visa', 'Apple Wallet']","['Pregnant woman', 'Persons with impairments in their members / users of temporary wheelchair']","['Metro', 'Airline', 'Bus', 'Cable Way', 'Park', 'Taxi', 'Coach', 'Toll', 'Urban', 'Ship', 'Car Sharing', 'Intercity', 'Tram']","[0.5, 0.0, 4.5, 0.0, 2.5, 5.0, 4.5, 0.0, 5.0, 1.5]",First Class,Aisle,Automatic refund,2021051201443216,1,Business,Dublin,Milan,[],2022-10-20 21:49,2022-11-02 08:53,"['Local type', 'Water transport', 'Telecabin']",Max 3,At least 40 min,1000m,Slow,13000m,Fast,Fast,0.243,0.3554,0.3248,0.8725,0.0934,0.5217,0.0606,0.4532,0.5058,0.1307,0.6755,['Car Sharing'],['FlixBus'],['Large'],[19],0.37349397590361444
2021-05-02 03:32:39.597860,OLDUSER1,1965-08-08,Oxford,UK,['Grand Voyageur'],"['Paypal', 'Google Wallet', 'Mastercard', 'Visa', 'Apple Wallet']","['Pregnant woman', 'Persons with impairments in their members / users of temporary wheelchair']","['Metro', 'Airline', 'Bus', 'Cable Way', 'Park', 'Taxi', 'Coach', 'Toll', 'Urban', 'Ship', 'Car Sharing', 'Intercity', 'Tram']","[0.5, 0.0, 4.5, 0.0, 2.5, 5.0, 4.5, 0.0, 5.0, 1.5]",First Class,Aisle,Automatic refund,2021051201443226,4,Business,Dublin,Milan,"['Berlin', 'Brugge', 'Barcelona']",2022-10-20 21:49,2022-11-02 08:53,"['Local type', 'Water transport', 'Telecabin']",Max 4,At least 40 min,2000m,Slow,12500m,Fast,Fast,0.9279999999999999,0.2552,0.5768,0.8220000000000001,0.7509999999999999,0.0801,0.6401,0.9302,0.3725,0.3612,0.344,"['Train', 'Bus', 'Car Sharing', 'Bike Sharing']","['RegioJet', 'Trenitalia', 'VBB', 'TMB']","['Large', 'Window', 'Window', 'Aisle']","[33, 64, 100, 16]",0.37349397590361444
2021-05-02 03:32:39.597860,OLDUSER1,1965-08-08,Oxford,UK,['Grand Voyageur'],"['Paypal', 'Google Wallet', 'Mastercard', 'Visa', 'Apple Wallet']","['Pregnant woman', 'Persons with impairments in their members / users of temporary wheelchair']","['Metro', 'Airline', 'Bus', 'Cable Way', 'Park', 'Taxi', 'Coach', 'Toll', 'Urban', 'Ship', 'Car Sharing', 'Intercity', 'Tram']","[0.5, 0.0, 4.5, 0.0, 2.5, 5.0, 4.5, 0.0, 5.0, 1.5]",First Class,Aisle,Automatic refund,2021051201443227,3,Business,Dublin,Milan,"['Barcelona', 'Crok']",2022-10-20 21:49,2022-11-02 08:53,"['Local type', 'Water transport', 'Telecabin']",Max 4,At least 45 min,3500m,Slow,2500m,Fast,Fast,0.7931,0.7305,0.259,0.3725,0.7074,0.6425,0.113,0.4081,0.6996,0.248,0.2156,"['Airline', 'Metro', 'Train']","['TMB', 'Trenitalia', 'Trenitalia']","['Window', 'Aisle', 'Aisle']","[57, 39, 58]",0.37349397590361444
2021-05-02 03:32:39.597860,OLDUSER1,1965-08-08,Oxford,UK,['Grand Voyageur'],"['Paypal', 'Google Wallet', 'Mastercard', 'Visa', 'Apple Wallet']","['Pregnant woman', 'Persons with impairments in their members / users of temporary wheelchair']","['Metro', 'Airline', 'Bus', 'Cable Way', 'Park', 'Taxi', 'Coach', 'Toll', 'Urban', 'Ship', 'Car Sharing', 'Intercity', 'Tram']","[0.5, 0.0, 4.5, 0.0, 2.5, 5.0, 4.5, 0.0, 5.0, 1.5]",First Class,Aisle,Automatic refund,2021051201443231,6,Business,Dublin,Milan,"['Dublin', 'Bruxelle', 'Rome', 'Frankfurt', 'Praha']",2022-10-20 21:49,2022-11-02 08:53,"['Local type', 'Water transport', 'Telecabin']",None,At least 10 min,500m,Slow,16500m,Fast,Fast,0.6289,0.9946,0.1582,0.0358,0.1952,0.0984,0.5265,0.8193,0.8625,0.3701,0.2612,"['Cable Way', 'Bike Sharing', 'Bus', 'Ship', 'Toll', 'Park']","['Renfe', 'VBB', 'Trenitalia', 'Iberia', 'KLM', 'Trenitalia']","['Aisle', 'Window', 'Aisle', 'Aisle', 'Aisle', 'Aisle']","[11, 91, 71, 74, 70, 55]",0.37349397590361444
2021-05-02 03:32:39.597860,OLDUSER1,1965-08-08,Oxford,UK,['Grand Voyageur'],"['Paypal', 'Google Wallet', 'Mastercard', 'Visa', 'Apple Wallet']","['Pregnant woman', 'Persons with impairments in their members / users of temporary wheelchair']","['Metro', 'Airline', 'Bus', 'Cable Way', 'Park', 'Taxi', 'Coach', 'Toll', 'Urban', 'Ship', 'Car Sharing', 'Intercity', 'Tram']","[0.5, 0.0, 4.5, 0.0, 2.5, 5.0, 4.5, 0.0, 5.0, 1.5]",First Class,Aisle,Automatic refund,2021051201443229,5,Business,Dublin,Milan,"['Praha', 'Porto', 'Crok', 'Barcelona']",2022-10-20 21:49,2022-11-02 08:53,"['Local type', 'Water transport', 'Telecabin']",Max 4,At least 45 min,2500m,Slow,10500m,Fast,Fast,0.0298,0.282,0.1648,0.0933,0.0542,0.6988,0.4101,0.285,0.648,0.6912,0.7327,"['Cable Way', 'Intercity', 'Cable Way', 'Taxi', 'Metro']","['SNFC', 'RegioJet', 'TMB', 'AirFrance', 'VBB']","['Aisle', 'Aisle', 'Aisle', 'Large', 'Window']","[69, 41, 69, 100, 88]",0.3614457831325301
2021-05-02 03:32:39.597860,OLDUSER1,1965-08-08,Oxford,UK,['Grand Voyageur'],"['Paypal', 'Google Wallet', 'Mastercard', 'Visa', 'Apple Wallet']","['Pregnant woman', 'Persons with impairments in their members / users of temporary wheelchair']","['Metro', 'Airline', 'Bus', 'Cable Way', 'Park', 'Taxi', 'Coach', 'Toll', 'Urban', 'Ship', 'Car Sharing', 'Intercity', 'Tram']","[0.5, 0.0, 4.5, 0.0, 2.5, 5.0, 4.5, 0.0, 5.0, 1.5]",First Class,Aisle,Automatic refund,2021051201443219,1,Business,Dublin,Milan,[],2022-10-20 21:49,2022-11-02 08:53,"['Local type', 'Water transport', 'Telecabin']",Unlimited,normal,3000m,Slow,7000m,Fast,Fast,0.7029,0.6491,0.2176,0.4175,0.8471,0.3543,0.4179,0.0145,0.4569,0.7644,0.551,['Urban'],['SNFC'],['Aisle'],[77],0.3614457831325301
2021-05-02 03:32:39.597860,OLDUSER1,1965-08-08,Oxford,UK,['Grand Voyageur'],"['Paypal', 'Google Wallet', 'Mastercard', 'Visa', 'Apple Wallet']","['Pregnant woman', 'Persons with impairments in their members / users of temporary wheelchair']","['Metro', 'Airline', 'Bus', 'Cable Way', 'Park', 'Taxi', 'Coach', 'Toll', 'Urban', 'Ship', 'Car Sharing', 'Intercity', 'Tram']","[0.5, 0.0, 4.5, 0.0, 2.5, 5.0, 4.5, 0.0, 5.0, 1.5]",First Class,Aisle,Automatic refund,202105120144321,1,Business,Dublin,Milan,[],2022-10-20 21:49,2022-11-02 08:53,"['Local type', 'Water transport', 'Telecabin']",None,At least 10 min,3000m,Slow,6500m,Fast,Fast,0.9566,0.1439,0.1101,0.1687,0.3503,0.1623,0.7732,0.7899,0.4279,0.9483,0.4246,['Cable Way'],['TMB'],['Window'],[85],0.3614457831325301
2021-05-02 03:32:39.597860,OLDUSER1,1965-08-08,Oxford,UK,['Grand Voyageur'],"['Paypal', 'Google Wallet', 'Mastercard', 'Visa', 'Apple Wallet']","['Pregnant woman', 'Persons with impairments in their members / users of temporary wheelchair']","['Metro', 'Airline', 'Bus', 'Cable Way', 'Park', 'Taxi', 'Coach', 'Toll', 'Urban', 'Ship', 'Car Sharing', 'Intercity', 'Tram']","[0.5, 0.0, 4.5, 0.0, 2.5, 5.0, 4.5, 0.0, 5.0, 1.5]",First Class,Aisle,Automatic refund,202105120144329,6,Business,Dublin,Milan,"['Kraków', 'Dublin', 'Praha', 'Krumlov', 'Paris']",2022-10-20 21:49,2022-11-02 08:53,"['Local type', 'Water transport', 'Telecabin']",Max 1,At least 40 min,1000m,Slow,13000m,Fast,Fast,0.586,0.8913,0.523,0.8818,0.9068,0.0202,0.6894,0.6681,0.8109999999999999,0.9812,0.7712,"['Coach', 'Ship', 'Other', 'Coach', 'Taxi', 'Intercity']","['FlixBus', 'KLM', 'TMB', 'FlixBus', 'Iberia', 'TMB']","['Aisle', 'Aisle', 'Window', 'Large', 'Aisle', 'Window']","[68, 96, 59, 95, 10, 72]",0.3493975903614458
2021-05-02 03:32:39.597860,OLDUSER1,1965-08-08,Oxford,UK,['Grand Voyageur'],"['Paypal', 'Google Wallet', 'Mastercard', 'Visa', 'Apple Wallet']","['Pregnant woman', 'Persons with impairments in their members / users of temporary wheelchair']","['Metro', 'Airline', 'Bus', 'Cable Way', 'Park', 'Taxi', 'Coach', 'Toll', 'Urban', 'Ship', 'Car Sharing', 'Intercity', 'Tram']","[0.5, 0.0, 4.5, 0.0, 2.5, 5.0, 4.5, 0.0, 5.0, 1.5]",First Class,Aisle,Automatic refund,2021051201443230,1,Business,Dublin,Milan,[],2022-10-20 21:49,2022-11-02 08:53,"['Local type', 'Water transport', 'Telecabin']",None,At least 25 min,2500m,Slow,6000m,Fast,Fast,0.4312,0.9620000000000001,0.2905,0.0148,0.3572,0.664,0.8381,0.8363,0.5541,0.7708,0.6895,['Airline'],['TMB'],['Large'],[59],0.3253012048192771
2021-05-02 03:32:39.597860,OLDUSER1,1965-08-08,Oxford,UK,['Grand Voyageur'],"['Paypal', 'Google Wallet', 'Mastercard', 'Visa', 'Apple Wallet']","['Pregnant woman', 'Persons with impairments in their members / users of temporary wheelchair']","['Metro', 'Airline', 'Bus', 'Cable Way', 'Park', 'Taxi', 'Coach', 'Toll', 'Urban', 'Ship', 'Car Sharing', 'Intercity', 'Tram']","[0.5, 0.0, 4.5, 0.0, 2.5, 5.0, 4.5, 0.0, 5.0, 1.5]",First Class,Aisle,Automatic refund,2021051201443224,3,Business,Dublin,Milan,"['Barcelona', 'Paris']",2022-10-20 21:49,2022-11-02 08:53,"['Local type', 'Water transport', 'Telecabin']",None,At least 30 min,3500m,Slow,5000m,Fast,Fast,0.08900000000000001,0.2058,0.3515,0.4937,0.8537,0.2866,0.4247,0.4052,0.1438,0.5607,0.0602,"['Urban', 'Coach', 'Train']","['VBB', 'Trenitalia', 'AirFrance']","['Aisle', 'Aisle', 'Aisle']","[57, 38, 39]",0.3132530120481928
2021-05-02 03:32:39.597860,OLDUSER1,1965-08-08,Oxford,UK,['Grand Voyageur'],"['Paypal', 'Google Wallet', 'Mastercard', 'Visa', 'Apple Wallet']","['Pregnant woman', 'Persons with impairments in their members / users of temporary wheelchair']","['Metro', 'Airline', 'Bus', 'Cable Way', 'Park', 'Taxi', 'Coach', 'Toll', 'Urban', 'Ship', 'Car Sharing', 'Intercity', 'Tram']","[0.5, 0.0, 4.5, 0.0, 2.5, 5.0, 4.5, 0.0, 5.0, 1.5]",First Class,Aisle,Automatic refund,2021051201443222,5,Business,Dublin,Milan,"['Brugge', 'Kraków', 'Porto', 'Warsaw']",2022-10-20 21:49,2022-11-02 08:53,"['Local type', 'Water transport', 'Telecabin']",Max 4,normal,4500m,Slow,4000m,Fast,Fast,0.3454,0.7378,0.561,0.8225,0.4806,0.6436,0.6146,0.8062,0.7807,0.9105,0.0103,"['Coach', 'Metro', 'Bus', 'Park', 'Ship']","['RegioJet', 'Iberia', 'KLM', 'RegioJet', 'Iberia']","['Window', 'Large', 'Window', 'Aisle', 'Window']","[45, 19, 11, 86, 72]",0.30120481927710846
